{"cameraMode":{"drawMode":0,"name":"Shaded","section":"Shading Mode"},"sceneLighting":true,"audioPlay":false,"sceneViewState":{"m_AlwaysRefresh":false,"showFog":true,"showSkybox":true,"showFlares":true,"showImageEffects":true,"showParticleSystems":true,"showVisualEffectGraphs":true,"m_FxEnabled":true},"in2DMode":false,"pivot":{"x":8.957228660583496,"y":17.162277221679689,"z":2.3497207164764406},"rotation":{"x":-0.0034395528491586448,"y":0.991864025592804,"z":-0.12443140894174576,"w":-0.02740422822535038},"size":1.0710728168487549,"orthographic":false}