{"cameraMode":{"drawMode":0,"name":"Shaded","section":"Shading Mode"},"sceneLighting":true,"audioPlay":false,"sceneViewState":{"m_AlwaysRefresh":false,"showFog":true,"showSkybox":true,"showFlares":true,"showImageEffects":true,"showParticleSystems":true,"showVisualEffectGraphs":true,"m_FxEnabled":true},"in2DMode":false,"pivot":{"x":0.8400001525878906,"y":21.860000610351564,"z":-5.119999885559082},"rotation":{"x":0.26817137002944949,"y":0.006360182538628578,"z":-0.0017701768083497882,"w":0.9633503556251526},"size":6.977488040924072,"orthographic":false}