{"cameraMode":{"drawMode":0,"name":"Shaded","section":"Shading Mode"},"sceneLighting":false,"audioPlay":false,"sceneViewState":{"m_AlwaysRefresh":false,"showFog":true,"showSkybox":false,"showFlares":true,"showImageEffects":true,"showParticleSystems":true,"showVisualEffectGraphs":true,"m_FxEnabled":true},"in2DMode":false,"pivot":{"x":44.27000045776367,"y":17.15999984741211,"z":2.6691975593566896},"rotation":{"x":0.34152325987815859,"y":0.10877873748540878,"z":-0.03983044996857643,"w":0.9327103495597839},"size":0.6123724579811096,"orthographic":false}